<?xml version="1.0" encoding="UTF-8" standalone="no"?>
<feature id="azure.key.manager" label="Azure AD Key Manager Feature" provider-name="%providerName" version="1.0.0.SNAPSHOT">
  <description>WSO2 is an open source application development software company focused on providing service-oriented
        architecture solutions for professional developers.</description>
  <copyright>%copyright</copyright>
  <license url="%licenseURL">%license</license>
  <plugin id="io.github.openfeign.feign-okhttp" unpack="false" version="11.9.1"/>
  <plugin id="io.github.openfeign.feign-core" unpack="false" version="11.9.1"/>
  <plugin id="io.github.openfeign.feign-slf4j" unpack="false" version="11.9.1"/>
  <plugin id="io.github.openfeign.feign-gson" unpack="false" version="11.9.1"/>
  <plugin id="com.google.gson" unpack="false" version="2.9.1"/>
  <plugin id="azure.key.manager" unpack="false" version="1.0.0.SNAPSHOT"/>
</feature>
